Model,Accuracy,Precision,Recall,F1-Score,ROC-AUC,CV-AUC
Logistic Regression,0.8688524590163934,0.8125,0.9285714285714286,0.8666666666666667,0.9664502164502164,0.909425190194421
SVM,0.9016393442622951,0.84375,0.9642857142857143,0.9,0.9664502164502164,0.9090448013524938
Neural Network (MLP),0.8688524590163934,0.8333333333333334,0.8928571428571429,0.8620689655172413,0.9502164502164503,0.8937869822485208
KNN,0.9016393442622951,0.8666666666666667,0.9285714285714286,0.896551724137931,0.948051948051948,0.9242180896027051
Random Forest,0.8524590163934426,0.8064516129032258,0.8928571428571429,0.847457627118644,0.9458874458874459,0.917455621301775
XGBoost,0.8852459016393442,0.8620689655172413,0.8928571428571429,0.8771929824561403,0.9361471861471862,0.8962383770076079
Decision Tree,0.8360655737704918,0.8,0.8571428571428571,0.8275862068965517,0.8528138528138529,0.8506551141166525
